{"bootDone":true,"checksums":{},"features":{"root":["feature:system/[4.4.4,4.4.4]","feature:diagnostic/[4.4.4,4.4.4]","feature:wrap/[2.6.14,2.6.14]","feature:package/[4.4.4,4.4.4]","feature:service/[4.4.4,4.4.4]","feature:instance/[4.4.4,4.4.4]","feature:ssh/[4.4.4,4.4.4]","feature:eventadmin/[4.4.4,4.4.4]","feature:deployer/[4.4.4,4.4.4]","feature:shell/[4.4.4,4.4.4]","feature:webconsole/[4.4.4,4.4.4]","feature:bundle/[4.4.4,4.4.4]","feature:framework/[4.4.4,4.4.4]","feature:management/[4.4.4,4.4.4]","feature:kar/[4.4.4,4.4.4]","feature:config/[4.4.4,4.4.4]","feature:jaas/[4.4.4,4.4.4]","feature:http/[8.0.22,8.0.22]","feature:feature/[4.4.4,4.4.4]","feature:log/[4.4.4,4.4.4]"]},"installed":{"root":["eventadmin/4.4.4","webconsole-condition-feature/4.4.4","deployer-condition-pax_url_wrap/4.4.4","framework/4.4.4","pax-web-core/8.0.22","system/4.4.4","eventadmin-condition-webconsole/4.4.4","deployer-condition-kar/4.4.4","kar-condition-shell/4.4.4","management/4.4.4","wrap/2.6.14","kar/4.4.4","webconsole/4.4.4","system-condition-shell/4.4.4","diagnostic/4.4.4","pax-web-http-jetty/8.0.22","jaas/4.4.4","config/4.4.4","service/4.4.4","eventadmin-condition-shell/4.4.4","pax-web-http/8.0.22","feature/4.4.4","jaas-boot/4.4.4","ssh/4.4.4","config-condition-shell/4.4.4","pax-web-jetty/9.4.52.v20230823","http/8.0.22","pax-web-http-condition-webconsole/8.0.22","pax-url-wrap/2.6.14","jaas-condition-shell/4.4.4","bundle/4.4.4","bundle-condition-management/4.4.4","instance/4.4.4","shell/4.4.4","config-condition-management/4.4.4","bundle-condition-shell/4.4.4","webconsole-condition-instance/4.4.4","log/4.4.4","jline/3.21.0","deployer/4.4.4","feature-condition-shell/4.4.4","webconsole-condition-shell/4.4.4","package/4.4.4"]},"repositories":["mvn:org.apache.karaf.features/enterprise/4.4.4/xml/features","mvn:org.apache.karaf.features/framework/4.4.4/xml/features","mvn:org.apache.karaf.features/specs/4.4.4/xml/features","mvn:org.apache.karaf.features/spring/4.4.4/xml/features","mvn:org.apache.karaf.features/standard/4.4.4/xml/features"],"managed":{"root":[1,2,3,4,5,6,7,8,9,10,11,12,13,14,15,16,17,18,19,20,21,22,23,24,25,26,27,28,29,30,31,32,33,34,35,36,37,38,39,40,41,42,43,44,45,46,47,48,49,50,51,52,53,54,55,56,57,58,59,60,61,62,63,64,65,66,67,68,69,70,71,72,73,74,75,76,77,78,79]},"state":{"root":{"eventadmin/4.4.4":"Started","webconsole-condition-feature/4.4.4":"Started","deployer-condition-pax_url_wrap/4.4.4":"Started","framework/4.4.4":"Started","pax-web-core/8.0.22":"Started","system/4.4.4":"Started","eventadmin-condition-webconsole/4.4.4":"Started","deployer-condition-kar/4.4.4":"Started","kar-condition-shell/4.4.4":"Started","management/4.4.4":"Started","wrap/2.6.14":"Started","kar/4.4.4":"Started","webconsole/4.4.4":"Started","system-condition-shell/4.4.4":"Started","diagnostic/4.4.4":"Started","pax-web-http-jetty/8.0.22":"Started","config/4.4.4":"Started","jaas/4.4.4":"Started","service/4.4.4":"Started","eventadmin-condition-shell/4.4.4":"Started","pax-web-http/8.0.22":"Started","feature/4.4.4":"Started","jaas-boot/4.4.4":"Started","ssh/4.4.4":"Started","config-condition-shell/4.4.4":"Started","pax-web-jetty/9.4.52.v20230823":"Started","http/8.0.22":"Started","pax-web-http-condition-webconsole/8.0.22":"Started","pax-url-wrap/2.6.14":"Started","jaas-condition-shell/4.4.4":"Started","bundle-condition-management/4.4.4":"Started","bundle/4.4.4":"Started","instance/4.4.4":"Started","shell/4.4.4":"Started","bundle-condition-shell/4.4.4":"Started","config-condition-management/4.4.4":"Started","log/4.4.4":"Started","webconsole-condition-instance/4.4.4":"Started","jline/3.21.0":"Started","deployer/4.4.4":"Started","feature-condition-shell/4.4.4":"Started","package/4.4.4":"Started","webconsole-condition-shell/4.4.4":"Started"}}}